{
  "providers": {
    "awscloudformation": {
      "AuthRoleName": "amplify-portfolio-dev-a0083-authRole",
      "UnauthRoleArn": "arn:aws:iam::905418299042:role/amplify-portfolio-dev-a0083-unauthRole",
      "AuthRoleArn": "arn:aws:iam::905418299042:role/amplify-portfolio-dev-a0083-authRole",
      "Region": "ca-central-1",
      "DeploymentBucketName": "amplify-portfolio-dev-a0083-deployment",
      "UnauthRoleName": "amplify-portfolio-dev-a0083-unauthRole",
      "StackName": "amplify-portfolio-dev-a0083",
      "StackId": "arn:aws:cloudformation:ca-central-1:905418299042:stack/amplify-portfolio-dev-a0083/cb658090-8984-11ef-bda4-021863de2475",
      "AmplifyAppId": "d3csve0i6z8fgi"
    }
  },
  "function": {
    "incrementCounter": {
      "build": true,
      "providerPlugin": "awscloudformation",
      "service": "Lambda",
      "lastBuildTimeStamp": "2024-10-13T19:25:18.954Z",
      "lastBuildType": "PROD",
      "lastPackageTimeStamp": "2024-10-13T19:25:21.057Z",
      "distZipFilename": "incrementCounter-58566f5a5649566a6f76-build.zip",
      "s3Bucket": {
        "deploymentBucketName": "amplify-portfolio-dev-a0083-deployment",
        "s3Key": "amplify-builds/incrementCounter-58566f5a5649566a6f76-build.zip"
      },
      "providerMetadata": {
        "s3TemplateURL": "https://s3.amazonaws.com/amplify-portfolio-dev-a0083-deployment/amplify-cfn-templates/function/incrementCounter-cloudformation-template.json",
        "logicalId": "functionincrementCounter"
      },
      "lastPushTimeStamp": "2024-10-13T19:26:23.212Z",
      "output": {
        "LambdaExecutionRoleArn": "arn:aws:iam::905418299042:role/portfolioLambdaRoled4b29b76-dev",
        "Region": "ca-central-1",
        "Arn": "arn:aws:lambda:ca-central-1:905418299042:function:incrementCounter-dev",
        "Name": "incrementCounter-dev",
        "LambdaExecutionRole": "portfolioLambdaRoled4b29b76-dev"
      },
      "lastPushDirHash": "ZWbfWSXpsMxenPJXnPBLQVnE3/I="
    }
  },
  "api": {
    "VisitorCounterAPI": {
      "service": "API Gateway",
      "providerPlugin": "awscloudformation",
      "dependsOn": [
        {
          "category": "function",
          "resourceName": "incrementCounter",
          "attributes": [
            "Name",
            "Arn"
          ]
        }
      ],
      "providerMetadata": {
        "s3TemplateURL": "https://s3.amazonaws.com/amplify-portfolio-dev-a0083-deployment/amplify-cfn-templates/api/VisitorCounterAPI-cloudformation-template.json",
        "logicalId": "apiVisitorCounterAPI"
      },
      "lastPushTimeStamp": "2024-10-13T19:26:23.066Z",
      "output": {
        "ApiName": "VisitorCounterAPI",
        "RootUrl": "https://btiikisp0g.execute-api.ca-central-1.amazonaws.com/dev",
        "ApiId": "btiikisp0g"
      },
      "lastPushDirHash": "aP6f+bmhb7522iYAITWiC6Kw/X4="
    }
  },
  "storage": {
    "VisitorCounter": {
      "service": "DynamoDB",
      "providerPlugin": "awscloudformation",
      "providerMetadata": {
        "s3TemplateURL": "https://s3.amazonaws.com/amplify-portfolio-dev-a0083-deployment/amplify-cfn-templates/storage/VisitorCounter-cloudformation-template.json",
        "logicalId": "storageVisitorCounter"
      },
      "lastPushTimeStamp": "2024-10-13T19:26:23.069Z",
      "output": {
        "PartitionKeyName": "id",
        "Region": "ca-central-1",
        "Arn": "arn:aws:dynamodb:ca-central-1:905418299042:table/VisitorCounter-dev",
        "StreamArn": "arn:aws:dynamodb:ca-central-1:905418299042:table/VisitorCounter-dev/stream/2024-10-13T18:20:48.053",
        "PartitionKeyType": "S",
        "Name": "VisitorCounter-dev"
      },
      "lastPushDirHash": "2CKRJcXzFzcta5fh8mYX2zN+EP8="
    }
  }
}